{"HOUSE": {"random_forest": [{"r2_score": 0.7083751462624308, "mse": 50739579813.01291}]}, "APARTMENT": {"random_forest": [{"r2_score": 0.7025549783360192, "mse": 51752226270.41347}]}}