{
  "HOUSE": {
    "random_forest": [
      { "r2_score": 0.7083751462624308, "mse": 50739579813.01291 }
    ],
    "linear": [
      {
        "coefficients": [
          -106358.37704897307, 38953.2334088843, 37379.05044882182,
          23830.61287423124, 127208.74684193311, 5793.3859437460005,
          10465.205068365653, 836.9400565581697, 17006.674779067922,
          -2212.125320546449, 13036.62404564858, 49438.42831790934,
          161.88479227638345, -1769.841039408542, -4207.43209953058,
          2807.6235702020103, -126537.28608025283, 98029.10644240059,
          -79390.96399592242, 292714.6575549307, -144125.24470367815,
          5513.36087894379, -75979.84483341439, 344254.09720250044,
          98463.51637926458, -192433.63515157954, -135996.9050523261,
          -87870.39575375526, -245165.45796721746, -12993.164439505597,
          262536.2006374251, 176881.88516985017, 62819.00420589654,
          -51865.03155558264, 57465.55497088785, -193500.50323558284,
          -114986.59230367721, -128412.80483472116, 190580.44646012766,
          2163.010959324946, -10986.93101858662, 117123.88646079185,
          -108299.96640980276, -76649.57169168447, 2163.010959324946,
          102358.74903955297, -58706.31516672369, 11792.101528070669,
          -94588.38131467329, -49384.593829546604, 24091.310023784547,
          117123.88646079185, -71615.8563491536, -23182.92777672565,
          116598.58811480882, -11932.442314965367, 9983.122345034539,
          90138.77339657578, 36131.110734828755, -19174.541701173945,
          411847.591774452, 2163.010959324946, -64208.793507475006,
          14047.227128005361, -63239.793537260106, -25110.66763925536,
          2443.351011442784, 97526.19860936957, -46443.56101099959,
          -12143.819006593269, -34383.45993843026, -127879.67467303753,
          -49990.088045398275, -12262.754155629049, 7148.303947504162,
          117123.88646079185, -40689.41111425161, -11369.77327813203,
          -14988.32841071508, 12485.368331103755, 29595.82582386409,
          56605.41054539204, -22028.289339947172, -23182.92777672565,
          3253.8560810893982, -17904.95896216103, -103110.59925533264,
          -55877.04554401924, 18179.373568215364, 17208.001597952523,
          -43350.9997911381, -71887.58043180367, -41755.15119384739,
          23931.588340393097, -71644.36562586, 3173.3204520115983,
          70371.32249096513, -13474.859053496288, -25322.758291116115,
          73083.12730661251, -37433.141122966976, -16801.59626590396,
          -30345.024489399508, -51943.680457126924, 82380.44725465552,
          -23608.517275495924, -8430.546893467405, 13098.931942840843,
          68341.3184139555, 24021.03152819831, 36591.55996812453,
          14496.073407680888, -17654.638074615872, -32718.593614432255,
          -93076.75163076223, 56379.90857713817, 67258.26471688967,
          76639.14431315876, 36046.613805316134, -22621.50275164474,
          -40002.623043648506, -53622.17542520479, -78301.92465282297,
          -71844.0653541451, 30068.359814023606, 26777.33182786872,
          1183.9097494438745, -3060.4853870569546, 6468.929019549669,
          12965.415619558462, -11183.175931546622, -20714.35197189992,
          -12437.57292697118, -1968.7324430729234, 6756.046243801804,
          -913.2099572994672, 80.63120039348414, 411.58856867416864,
          3931.9324489113437, 789.3330071523548
        ],
        "intercept": 491930.85211034276,
        "r2_score": 0.3500427521476551,
        "mse": 113085552310.73483
      }
    ],
    "xgboost": [{ "r2_score": 0.7370032989559949, "mse": 45758589956.08742 }]
  },
  "APARTMENT": {
    "random_forest": [
      { "r2_score": 0.7025549783360191, "mse": 51752226270.413475 }
    ],
    "linear": [
      {
        "coefficients": [
          -97877.54574284665, 39618.7816182696, 25191.54309059142,
          128566.30719767151, 5819.375451788236, 11011.249591700083,
          528.8271945563042, 17023.867797215687, -3388.154646242318,
          18868.56264290413, 50128.006254699714, 321.29507728492007,
          -1789.030322719928, -4338.89774273711, 2823.7730485759826,
          -138395.69198525566, 84277.69416998519, -92459.5835707407,
          414165.5398479001, -158697.87009787335, 6213.693334455227,
          -87688.81589400656, 374039.4503713408, 148102.25502959389,
          -202398.87997211108, -146758.31372522187, -99809.51627136672,
          -255405.89848400126, -25525.86470263848, 275087.4900554844,
          164454.91279518796, 50263.78387071243, -63864.724755502335,
          45149.26873331614, -205115.70573714515, -127474.28703861962,
          -139850.94168936624, 181692.0057072748, 5941.021809466383,
          -11564.021939940636, 112518.28383428558, -106895.28371383632,
          -69622.18613086705, 5941.021809466383, 92945.66274228398,
          -53025.38531882463, 5593.097607162424, -90498.46303006593,
          -49120.942644785464, 20777.964993868518, 112518.28383428558,
          -66002.25120496689, -18143.15245998906, 108636.34979819301,
          -13752.839768843396, 11739.400513927487, 85552.94008383933,
          37775.168768278505, -18485.482509364032, 411733.4657211226,
          5941.021809466383, -63550.69442893679, 12852.268199568138,
          -63237.01511260035, -30361.66155346199, 898.715491709381,
          96394.31004966756, -41637.66848514053, -10003.121528321246,
          -34145.48079631223, -129517.89934466996, -50941.02099262585,
          -11387.716833553031, 8717.417887177613, 112518.28383428558,
          -38910.10386550012, -3690.0944058120085, -13821.386709292865,
          11631.061370689584, 26595.207325700518, 48498.238109647966,
          -24179.256109346472, -18143.15245998906, 2696.9541087835896,
          -20650.31927447286, -84138.8277611292, -57142.491836541936,
          17203.52804483259, 15988.26525094211, -43923.45883542542,
          -74298.31925839827, -41585.2376362726, 21077.548157312063,
          -67540.19993538193, 1896.3733988028555, 69342.67651427367,
          -18420.14206544221, -25589.253134667084, 71856.6519976343,
          -38836.98496098117, -18114.163046443435, -26152.36509632755,
          -53085.76580035825, 81732.27631944808, -24821.627708263848,
          -8682.272917154565, 16104.251214352662, 68433.3903787594,
          24310.090096882326, 35974.81779458068, 14796.246542590588,
          -17350.795828806928, -32528.246237126757, -93635.50274647889,
          55893.70104670706, 67562.12645408387, 77527.97274096838,
          36194.43563410631, -22999.93012332588, -40637.5303041069,
          -52166.54492466717, -77875.11986579363, -73489.12231242491,
          29990.01165515994, 26530.290803969936, 1293.10119555368,
          696.5409837804372, 5980.791127242676, 12338.528173725485,
          -11423.87793931036, -21215.094996504726, -14200.279346345558,
          -2030.2475537266014, 6850.281044564202, -1398.698577665513,
          160.0299043832376, 260.0654968553733, 4137.089457272696,
          792.874005805329
        ],
        "intercept": 503714.6538259685,
        "r2_score": 0.3474179519674546,
        "mse": 113542239237.55055
      }
    ],
    "xgboost": [{ "r2_score": 0.7214578022198608, "mse": 48463338753.272644 }]
  }
}
